<?xml version="1.0" encoding="UTF-8"?>
<!DOCTYPE suite SYSTEM "https://testng.org/testng-1.0.dtd">
<suite name="Suite" verbose="5">
	<parameter name="url" value="https://login.salesforce.com/"></parameter>
	<parameter name="username" value="vidyar@testleaf.com"></parameter>
	<parameter name="password" value="Sales@123"></parameter>
  <test thread-count="5" name="Test">
    <classes>
      <class name="assignments.LegalEntityTest2"/>
    </classes>
  </test> <!-- Test -->
</suite> <!-- Suite -->
